url,titulo_pagina,seo_title,meta_description,focus_keywords
/,Início,Télix | Central de Atendimento para Operadoras de Saúde,"Central de atendimento especializada em saúde suplementar: SAC, regulação e remoção hospitalar 24h, agendamento (RN 566) e protocolo (RN 623). Desde 2012.",central de atendimento saúde suplementar
/a-telix/,A Télix: quem somos,Quem somos: especialistas em saúde suplementar | Télix,"Desde 2012, a Télix é especialista em atendimento e regulação para operadoras de planos de saúde. Conheça nossa missão, valores, história e estrutura 24h.",Télix
/acessibilidade/,Acessibilidade,Acessibilidade: recursos e compromisso | Télix,"Conheça os recursos de acessibilidade do site da Télix: Libras (VLibras), alto contraste, ajuste de fonte, guia de leitura, navegação por teclado e mais.",acessibilidade
/canal-de-denuncia/,Canal de Denúncia — Ética e Compliance,Canal de Denúncia e Ética: relato anônimo | Télix,"Relate condutas antiéticas, assédio, fraude ou corrupção com confidencialidade, opção de anonimato e proteção contra retaliação. Receba um protocolo.",canal de denúncia
/canal-lgpd/,Canal LGPD — Direitos do Titular de Dados,Canal LGPD: exerça seus direitos de titular | Télix,"Solicite acesso, correção, eliminação, portabilidade ou informações sobre seus dados pessoais. Canal oficial do Encarregado (DPO) da Télix, com protocolo.",canal LGPD
/clientes/,Clientes,Clientes: operadoras de saúde atendidas | Télix,"Cooperativas do Sistema Unimed e operadoras de saúde suplementar do Centro-Oeste, Norte e Nordeste que confiam à Télix o atendimento aos seus beneficiários.",clientes Télix
/conformidade/,"Conformidade — Ética, LGPD e Governança","Conformidade: ética, LGPD e apoio às normas ANS | Télix","Política Integrada de Gestão, missão e valores, comitês de Compliance e Proteção de Dados, políticas de LGPD, segurança e IA, canal de denúncia e ouvidoria.",conformidade
/conformidade/glossario-lgpd/,Glossário LGPD,Glossário LGPD: termos de proteção de dados | Télix,"Entenda os principais termos da Lei Geral de Proteção de Dados: dado pessoal, dado sensível, controlador, operador, encarregado, anonimização e tratamento.",glossário LGPD
/conformidade/politica-de-compliance/,Política de Compliance e Integridade,Política de Compliance e Código de Conduta | Télix,"Código de Conduta da Télix: anticorrupção, conflito de interesses, brindes, assédio, LGPD, due diligence e canal de denúncia com proteção contra retaliação.",política de compliance
/conformidade/politica-de-cookies/,Política de Cookies,Política de Cookies | Télix Comunicação,"Saiba quais cookies e tecnologias de armazenamento o site da Télix usa, para que servem, por quanto tempo e como gerenciar suas preferências quando quiser.",política de cookies
/conformidade/politica-de-inteligencia-artificial/,Política de Inteligência Artificial,Política de Uso Ético de Inteligência Artificial | Télix,"Veja como a Télix usa inteligência artificial no atendimento à saúde suplementar: supervisão humana, transparência, LGPD e nenhuma decisão clínica por IA.",política de inteligência artificial
/conformidade/politica-de-privacidade/,Política de Privacidade e Proteção de Dados (LGPD),Política de Privacidade e Proteção de Dados | Télix,"Veja como a Télix trata dados pessoais e de saúde: finalidades, bases legais da LGPD, prazos de guarda, segurança e como exercer seus direitos com o DPO.",política de privacidade
/conformidade/politica-de-seguranca-da-informacao/,Política de Segurança da Informação,Política de Segurança da Informação (PSI) | Télix,"Veja como a Télix protege dados de operadoras e beneficiários: acesso com MFA, mesa limpa, backup, resposta a incidentes pela LGPD e treinamento contínuo.",política de segurança da informação
/conformidade/politica-esg/,"Política ESG — Ambiental, Social e Governança","Política ESG: ambiental, social e governança | Télix","Política ESG da Télix: operação digital com menos papel, ergonomia e pausas no teleatendimento (NR-17), inclusão, ética, LGPD e alinhamento aos ODS da ONU.",política ESG
/contato/,Contato,Contato e como chegar | Télix Comunicação,"Fale com a Télix por telefone (61) 3771-1100, WhatsApp, e-mail ou formulário. Solicite uma proposta ou veja como chegar ao Brasil Center Shopping (GO).",contato Télix
/especialistas-em-saude-suplementar/,Especialistas em Saúde Suplementar,Atendimento em saúde suplementar: RN 623 e NIP | Télix,"Call center especializado em saúde suplementar: entenda a RN 623, a RN 566, a NIP e o IGR da ANS e veja como a Télix apoia a sua operadora de plano de saúde.",atendimento saúde suplementar
/mapa-do-site/,Mapa do site,Mapa do site | Télix Comunicação e Relacionamento,"Encontre rapidamente todas as páginas do site da Télix: soluções de atendimento em saúde suplementar, clientes, políticas de conformidade e canais de contato.",mapa do site
/perguntas-frequentes/,Perguntas Frequentes,Perguntas frequentes: terceirizar o SAC da saúde | Télix,"Dúvidas sobre terceirizar o SAC da operadora de saúde? Veja respostas sobre RN 623, RN 566, remoção 24h, LGPD, contratação, canais e carreiras na Télix.",perguntas frequentes
/solucoes/,Soluções,Soluções de atendimento para planos de saúde | Télix,"SAC com protocolo, agendamento RN 566, regulação e remoção 24h, pesquisa de satisfação, qualidade e WhatsApp: monte a operação ideal para a sua operadora.",soluções de atendimento saúde suplementar
/solucoes/agendamento/,"Agendamento de Consultas, Exames e Procedimentos (RN 566)",Agendamento RN 566 para operadoras e clínicas | Télix,"Agendamento de consultas e exames nos prazos máximos da RN 566, com protocolo e registro de cada tentativa. Para operadoras de saúde, hospitais e clínicas.",agendamento RN 566
/solucoes/atendimento-digital/,Atendimento Digital: WhatsApp e Chatbots,WhatsApp e chatbot para operadoras de saúde | Télix,"Atendimento digital para operadoras de saúde: WhatsApp, chat e chatbot com protocolo em todos os canais, transbordo para atendente humano e dados protegidos.",WhatsApp para plano de saúde
/solucoes/central-de-atendimento/,Central de Atendimento — Call Center Ativo e Receptivo,Call center ativo e receptivo para planos de saúde | Télix,"Call center ativo e receptivo para operadoras de saúde: equipe treinada, protocolo desde o início, LGPD e indicadores como TMA, TME e abandono. Peça proposta.",central de atendimento
/solucoes/pesquisa-de-satisfacao/,Pesquisa de Satisfação de Beneficiários,Pesquisa de satisfação de beneficiários | Télix,"Pesquisa de satisfação de beneficiários por telefone, WhatsApp e pós-atendimento, com NPS, CSAT, motivos de insatisfação e relatório com plano de ação.",pesquisa de satisfação de beneficiários
/solucoes/qualidade-e-monitoria/,Qualidade e Monitoria do Atendimento,Monitoria de qualidade do atendimento em saúde | Télix,"Monitoria de ligações e conversas, calibração, feedback aos atendentes e relatórios mensais de qualidade para operadoras de planos de saúde. Fale com a Télix.",monitoria de qualidade de atendimento
/solucoes/regulacao-e-remocao-hospitalar/,Regulação de Vagas e Remoção Hospitalar 24h,Regulação de vagas e remoção hospitalar 24h | Télix,"Central 24h por telefone e WhatsApp para regulação de vagas e remoção hospitalar de beneficiários: cotação de transporte, rastreabilidade e relatório mensal.",remoção hospitalar 24 horas
/solucoes/sac/,SAC para Operadoras — Serviço de Atendimento ao Consumidor/Cliente,SAC para operadoras de plano de saúde (RN 623) | Télix,"SAC para operadoras de planos de saúde: protocolo no primeiro contato, RN 623 e Decreto 11.034, escalonamento à Ouvidoria e relatórios mensais. Fale conosco.",SAC para operadora de plano de saúde
/solucoes/sistema-de-protocolo/,Sistema de Atendimento e Protocolo (RN 623),Sistema de protocolo de atendimento RN 623 | Télix,"Registro de protocolo como primeira ação, direcionamento das tratativas de SAC e RN 623, controle de prazos e relatório mensal para operadoras de saúde.",sistema de protocolo RN 623
/trabalhe-conosco/,Trabalhe Conosco,Trabalhe Conosco: vagas em atendimento | Télix,"Faça parte da equipe Télix: atendimento humanizado em saúde suplementar, treinamento contínuo e uma empresa desde 2012 no mercado. Cadastre seu currículo.",trabalhe conosco
